{
	"AWSEBDockerrunVersion": 2,
	"containerDefinitions" : [
		{
			"name":"client",
			"image":"sinch5/multi-client",
			"hostname": "client",
			"essential": false,
			"memory": 128			
		},
		{ 
			"name":"server",
			"image":"sinch5/multi-server",
			"hostname":"api",
			"essential":false,
			"memory": 128			
		},
		{ 
			"name":"worker",
			"image":"sinch5/multi-worker",
			"hostname":"worker",
			"essential":false,
			"memory": 128			
		},
		{ 
			"name":"nginx",
			"image":"sinch5/multi-nginx",
			"hostname":"nginx",
			"essential":true,
			"memory": 128,
			"portMapping":[
				{
				 "hostPort":80,
				 "containerPort":80
				}
			],
			"links":["client","server"]
		}
	]
}